<assembly
        xmlns="http://maven.apache.org/plugins/maven-assembly-plugin/assembly/1.1.2"
        xmlns:xsi="http://www.w3.org/2001/XMLSchema-instance"
        xsi:schemaLocation="
	http://maven.apache.org/plugins/maven-assembly-plugin/assembly/1.1.2
	http://maven.apache.org/xsd/assembly-1.1.2.xsd">
    <id>bin</id>
    <formats>
        <format>zip</format>
    </formats>
    <dependencySets>
        <dependencySet>
            <useProjectArtifact>false</useProjectArtifact>
            <outputDirectory>/lib/</outputDirectory>
        </dependencySet>
        <dependencySet>
            <useProjectArtifact>true</useProjectArtifact>
            <outputDirectory>/</outputDirectory>
            <includes>
                <include>${project.groupId}:${project.artifactId}</include>
            </includes>
        </dependencySet>
    </dependencySets>
    <fileSets>
        <fileSet>
            <directory>src/main/config</directory>
            <outputDirectory>/config</outputDirectory>
        </fileSet>
        <fileSet>
            <directory>src/main/resources</directory>
            <outputDirectory>.</outputDirectory>
        </fileSet>
    </fileSets>
</assembly>